CREATE TABLE lists.CountryRegion (
	Code NCHAR(3) NOT NULL,
	Name NVARCHAR(256) NOT NULL
);
ALTER TABLE lists.CountryRegion ADD CONSTRAINT PK_CountryRegion PRIMARY KEY (Code);


CREATE TABLE lists.CountrySubRegion (
	Code NCHAR(3) NOT NULL,
	Name NVARCHAR(256) NOT NULL,
	RegionCode NCHAR(3) NOT NULL
);
ALTER TABLE lists.CountrySubRegion ADD CONSTRAINT PK_CountrySubRegion PRIMARY KEY (Code);
ALTER TABLE lists.CountrySubRegion ADD CONSTRAINT FK_CountrySubRegion_RegionCode FOREIGN KEY (RegionCode) REFERENCES lists.CountryRegion(Code);


CREATE TABLE lists.Country (
	Code NCHAR(2) NOT NULL,
	Name NVARCHAR(256) NOT NULL,
	Code3 NCHAR(3) NOT NULL,
	CodeNumeric NCHAR(3) NOT NULL,
	SubRegionCode NCHAR(3) NOT NULL
);
ALTER TABLE lists.Country ADD CONSTRAINT PK_Country PRIMARY KEY (Code);
ALTER TABLE lists.Country ADD CONSTRAINT FK_Country_SubRegionCode FOREIGN KEY (SubRegionCode) REFERENCES lists.CountrySubRegion(Code);
ALTER TABLE lists.Country ADD CONSTRAINT UK_Country_Code3 UNIQUE (Code3);
ALTER TABLE lists.Country ADD CONSTRAINT UK_Country_CodeNumeric UNIQUE (CodeNumeric);

INSERT INTO lists.CountryRegion VALUES('000','Other');
INSERT INTO lists.CountryRegion VALUES('002','Africa');
INSERT INTO lists.CountryRegion VALUES('009','Oceania');
INSERT INTO lists.CountryRegion VALUES('019','Americas');
INSERT INTO lists.CountryRegion VALUES('142','Asia');
INSERT INTO lists.CountryRegion VALUES('150','Europe');

INSERT INTO lists.CountrySubRegion VALUES ('000','Other','000');
INSERT INTO lists.CountrySubRegion VALUES ('005','South America','019');
INSERT INTO lists.CountrySubRegion VALUES ('011','Western Africa','002');
INSERT INTO lists.CountrySubRegion VALUES ('013','Central America','019');
INSERT INTO lists.CountrySubRegion VALUES ('014','Eastern Africa','002');
INSERT INTO lists.CountrySubRegion VALUES ('015','Northern Africa','002');
INSERT INTO lists.CountrySubRegion VALUES ('017','Middle Africa','002');
INSERT INTO lists.CountrySubRegion VALUES ('018','Southern Africa','002');
INSERT INTO lists.CountrySubRegion VALUES ('021','Northern America','019');
INSERT INTO lists.CountrySubRegion VALUES ('029','Caribbean','019');
INSERT INTO lists.CountrySubRegion VALUES ('030','Eastern Asia','142');
INSERT INTO lists.CountrySubRegion VALUES ('034','Southern Asia','142');
INSERT INTO lists.CountrySubRegion VALUES ('035','South-Eastern Asia','142');
INSERT INTO lists.CountrySubRegion VALUES ('039','Southern Europe','150');
INSERT INTO lists.CountrySubRegion VALUES ('053','Australia and New Zealand','009');
INSERT INTO lists.CountrySubRegion VALUES ('054','Melanesia','009');
INSERT INTO lists.CountrySubRegion VALUES ('057','Micronesia','009');
INSERT INTO lists.CountrySubRegion VALUES ('061','Polynesia','009');
INSERT INTO lists.CountrySubRegion VALUES ('143','Central Asia','142');
INSERT INTO lists.CountrySubRegion VALUES ('145','Western Asia','142');
INSERT INTO lists.CountrySubRegion VALUES ('151','Eastern Europe','150');
INSERT INTO lists.CountrySubRegion VALUES ('154','Northern Europe','150');
INSERT INTO lists.CountrySubRegion VALUES ('155','Western Europe','150');


INSERT INTO lists.Country VALUES ('AD','Andorra','AND','020','039');
INSERT INTO lists.Country VALUES ('AE','United Arab Emirates','ARE','784','145');
INSERT INTO lists.Country VALUES ('AF','Afghanistan','AFG','004','034');
INSERT INTO lists.Country VALUES ('AG','Antigua and Barbuda','ATG','028','029');
INSERT INTO lists.Country VALUES ('AI','Anguilla','AIA','660','029');
INSERT INTO lists.Country VALUES ('AL','Albania','ALB','008','039');
INSERT INTO lists.Country VALUES ('AM','Armenia','ARM','051','145');
INSERT INTO lists.Country VALUES ('AO','Angola','AGO','024','017');
INSERT INTO lists.Country VALUES ('AQ','Antarctica','ATA','010','000');
INSERT INTO lists.Country VALUES ('AR','Argentina','ARG','032','005');
INSERT INTO lists.Country VALUES ('AS','American Samoa','ASM','016','061');
INSERT INTO lists.Country VALUES ('AT','Austria','AUT','040','155');
INSERT INTO lists.Country VALUES ('AU','Australia','AUS','036','053');
INSERT INTO lists.Country VALUES ('AW','Aruba','ABW','533','029');
INSERT INTO lists.Country VALUES ('AX','Åland Islands','ALA','248','154');
INSERT INTO lists.Country VALUES ('AZ','Azerbaijan','AZE','031','145');
INSERT INTO lists.Country VALUES ('BA','Bosnia and Herzegovina','BIH','070','039');
INSERT INTO lists.Country VALUES ('BB','Barbados','BRB','052','029');
INSERT INTO lists.Country VALUES ('BD','Bangladesh','BGD','050','034');
INSERT INTO lists.Country VALUES ('BE','Belgium','BEL','056','155');
INSERT INTO lists.Country VALUES ('BF','Burkina Faso','BFA','854','011');
INSERT INTO lists.Country VALUES ('BG','Bulgaria','BGR','100','151');
INSERT INTO lists.Country VALUES ('BH','Bahrain','BHR','048','145');
INSERT INTO lists.Country VALUES ('BI','Burundi','BDI','108','014');
INSERT INTO lists.Country VALUES ('BJ','Benin','BEN','204','011');
INSERT INTO lists.Country VALUES ('BL','Saint Barthélemy','BLM','652','029');
INSERT INTO lists.Country VALUES ('BM','Bermuda','BMU','060','021');
INSERT INTO lists.Country VALUES ('BN','Brunei Darussalam','BRN','096','035');
INSERT INTO lists.Country VALUES ('BO','Bolivia (Plurinational State of)','BOL','068','005');
INSERT INTO lists.Country VALUES ('BQ','Bonaire, Sint Eustatius and Saba','BES','535','029');
INSERT INTO lists.Country VALUES ('BR','Brazil','BRA','076','005');
INSERT INTO lists.Country VALUES ('BS','Bahamas','BHS','044','029');
INSERT INTO lists.Country VALUES ('BT','Bhutan','BTN','064','034');
INSERT INTO lists.Country VALUES ('BV','Bouvet Island','BVT','074','000');
INSERT INTO lists.Country VALUES ('BW','Botswana','BWA','072','018');
INSERT INTO lists.Country VALUES ('BY','Belarus','BLR','112','151');
INSERT INTO lists.Country VALUES ('BZ','Belize','BLZ','084','013');
INSERT INTO lists.Country VALUES ('CA','Canada','CAN','124','021');
INSERT INTO lists.Country VALUES ('CC','Cocos (Keeling) Islands','CCK','166','000');
INSERT INTO lists.Country VALUES ('CD','Congo (Democratic Republic of the)','COD','180','017');
INSERT INTO lists.Country VALUES ('CF','Central African Republic','CAF','140','017');
INSERT INTO lists.Country VALUES ('CG','Congo','COG','178','017');
INSERT INTO lists.Country VALUES ('CH','Switzerland','CHE','756','155');
INSERT INTO lists.Country VALUES ('CI','Côte d''Ivoire','CIV','384','011');
INSERT INTO lists.Country VALUES ('CK','Cook Islands','COK','184','061');
INSERT INTO lists.Country VALUES ('CL','Chile','CHL','152','005');
INSERT INTO lists.Country VALUES ('CM','Cameroon','CMR','120','017');
INSERT INTO lists.Country VALUES ('CN','China','CHN','156','030');
INSERT INTO lists.Country VALUES ('CO','Colombia','COL','170','005');
INSERT INTO lists.Country VALUES ('CR','Costa Rica','CRI','188','013');
INSERT INTO lists.Country VALUES ('CU','Cuba','CUB','192','029');
INSERT INTO lists.Country VALUES ('CV','Cabo Verde','CPV','132','011');
INSERT INTO lists.Country VALUES ('CW','Curaçao','CUW','531','029');
INSERT INTO lists.Country VALUES ('CX','Christmas Island','CXR','162','000');
INSERT INTO lists.Country VALUES ('CY','Cyprus','CYP','196','145');
INSERT INTO lists.Country VALUES ('CZ','Czech Republic','CZE','203','151');
INSERT INTO lists.Country VALUES ('DE','Germany','DEU','276','155');
INSERT INTO lists.Country VALUES ('DJ','Djibouti','DJI','262','014');
INSERT INTO lists.Country VALUES ('DK','Denmark','DNK','208','154');
INSERT INTO lists.Country VALUES ('DM','Dominica','DMA','212','029');
INSERT INTO lists.Country VALUES ('DO','Dominican Republic','DOM','214','029');
INSERT INTO lists.Country VALUES ('DZ','Algeria','DZA','012','015');
INSERT INTO lists.Country VALUES ('EC','Ecuador','ECU','218','005');
INSERT INTO lists.Country VALUES ('EE','Estonia','EST','233','154');
INSERT INTO lists.Country VALUES ('EG','Egypt','EGY','818','015');
INSERT INTO lists.Country VALUES ('EH','Western Sahara','ESH','732','015');
INSERT INTO lists.Country VALUES ('ER','Eritrea','ERI','232','014');
INSERT INTO lists.Country VALUES ('ES','Spain','ESP','724','039');
INSERT INTO lists.Country VALUES ('ET','Ethiopia','ETH','231','014');
INSERT INTO lists.Country VALUES ('FI','Finland','FIN','246','154');
INSERT INTO lists.Country VALUES ('FJ','Fiji','FJI','242','054');
INSERT INTO lists.Country VALUES ('FK','Falkland Islands (Malvinas)','FLK','238','005');
INSERT INTO lists.Country VALUES ('FM','Micronesia (Federated States of)','FSM','583','057');
INSERT INTO lists.Country VALUES ('FO','Faroe Islands','FRO','234','154');
INSERT INTO lists.Country VALUES ('FR','France','FRA','250','155');
INSERT INTO lists.Country VALUES ('GA','Gabon','GAB','266','017');
INSERT INTO lists.Country VALUES ('GB','United Kingdom of Great Britain and Northern Ireland','GBR','826','154');
INSERT INTO lists.Country VALUES ('GD','Grenada','GRD','308','029');
INSERT INTO lists.Country VALUES ('GE','Georgia','GEO','268','145');
INSERT INTO lists.Country VALUES ('GF','French Guiana','GUF','254','005');
INSERT INTO lists.Country VALUES ('GG','Guernsey','GGY','831','154');
INSERT INTO lists.Country VALUES ('GH','Ghana','GHA','288','011');
INSERT INTO lists.Country VALUES ('GI','Gibraltar','GIB','292','039');
INSERT INTO lists.Country VALUES ('GL','Greenland','GRL','304','021');
INSERT INTO lists.Country VALUES ('GM','Gambia','GMB','270','011');
INSERT INTO lists.Country VALUES ('GN','Guinea','GIN','324','011');
INSERT INTO lists.Country VALUES ('GP','Guadeloupe','GLP','312','029');
INSERT INTO lists.Country VALUES ('GQ','Equatorial Guinea','GNQ','226','017');
INSERT INTO lists.Country VALUES ('GR','Greece','GRC','300','039');
INSERT INTO lists.Country VALUES ('GS','South Georgia and the South Sandwich Islands','SGS','239','000');
INSERT INTO lists.Country VALUES ('GT','Guatemala','GTM','320','013');
INSERT INTO lists.Country VALUES ('GU','Guam','GUM','316','057');
INSERT INTO lists.Country VALUES ('GW','Guinea-Bissau','GNB','624','011');
INSERT INTO lists.Country VALUES ('GY','Guyana','GUY','328','005');
INSERT INTO lists.Country VALUES ('HK','Hong Kong','HKG','344','030');
INSERT INTO lists.Country VALUES ('HM','Heard Island and McDonald Islands','HMD','334','000');
INSERT INTO lists.Country VALUES ('HN','Honduras','HND','340','013');
INSERT INTO lists.Country VALUES ('HR','Croatia','HRV','191','039');
INSERT INTO lists.Country VALUES ('HT','Haiti','HTI','332','029');
INSERT INTO lists.Country VALUES ('HU','Hungary','HUN','348','151');
INSERT INTO lists.Country VALUES ('ID','Indonesia','IDN','360','035');
INSERT INTO lists.Country VALUES ('IE','Ireland','IRL','372','154');
INSERT INTO lists.Country VALUES ('IL','Israel','ISR','376','145');
INSERT INTO lists.Country VALUES ('IM','Isle of Man','IMN','833','154');
INSERT INTO lists.Country VALUES ('IN','India','IND','356','034');
INSERT INTO lists.Country VALUES ('IO','British Indian Ocean Territory','IOT','086','000');
INSERT INTO lists.Country VALUES ('IQ','Iraq','IRQ','368','145');
INSERT INTO lists.Country VALUES ('IR','Iran (Islamic Republic of)','IRN','364','034');
INSERT INTO lists.Country VALUES ('IS','Iceland','ISL','352','154');
INSERT INTO lists.Country VALUES ('IT','Italy','ITA','380','039');
INSERT INTO lists.Country VALUES ('JE','Jersey','JEY','832','154');
INSERT INTO lists.Country VALUES ('JM','Jamaica','JAM','388','029');
INSERT INTO lists.Country VALUES ('JO','Jordan','JOR','400','145');
INSERT INTO lists.Country VALUES ('JP','Japan','JPN','392','030');
INSERT INTO lists.Country VALUES ('KE','Kenya','KEN','404','014');
INSERT INTO lists.Country VALUES ('KG','Kyrgyzstan','KGZ','417','143');
INSERT INTO lists.Country VALUES ('KH','Cambodia','KHM','116','035');
INSERT INTO lists.Country VALUES ('KI','Kiribati','KIR','296','057');
INSERT INTO lists.Country VALUES ('KM','Comoros','COM','174','014');
INSERT INTO lists.Country VALUES ('KN','Saint Kitts and Nevis','KNA','659','029');
INSERT INTO lists.Country VALUES ('KP','Korea (Democratic People''s Republic of)','PRK','408','030');
INSERT INTO lists.Country VALUES ('KR','Korea (Republic of)','KOR','410','030');
INSERT INTO lists.Country VALUES ('KW','Kuwait','KWT','414','145');
INSERT INTO lists.Country VALUES ('KY','Cayman Islands','CYM','136','029');
INSERT INTO lists.Country VALUES ('KZ','Kazakhstan','KAZ','398','143');
INSERT INTO lists.Country VALUES ('LA','Lao People''s Democratic Republic','LAO','418','035');
INSERT INTO lists.Country VALUES ('LB','Lebanon','LBN','422','145');
INSERT INTO lists.Country VALUES ('LC','Saint Lucia','LCA','662','029');
INSERT INTO lists.Country VALUES ('LI','Liechtenstein','LIE','438','155');
INSERT INTO lists.Country VALUES ('LK','Sri Lanka','LKA','144','034');
INSERT INTO lists.Country VALUES ('LR','Liberia','LBR','430','011');
INSERT INTO lists.Country VALUES ('LS','Lesotho','LSO','426','018');
INSERT INTO lists.Country VALUES ('LT','Lithuania','LTU','440','154');
INSERT INTO lists.Country VALUES ('LU','Luxembourg','LUX','442','155');
INSERT INTO lists.Country VALUES ('LV','Latvia','LVA','428','154');
INSERT INTO lists.Country VALUES ('LY','Libya','LBY','434','015');
INSERT INTO lists.Country VALUES ('MA','Morocco','MAR','504','015');
INSERT INTO lists.Country VALUES ('MC','Monaco','MCO','492','155');
INSERT INTO lists.Country VALUES ('MD','Moldova (Republic of)','MDA','498','151');
INSERT INTO lists.Country VALUES ('ME','Montenegro','MNE','499','039');
INSERT INTO lists.Country VALUES ('MF','Saint Martin (French part)','MAF','663','029');
INSERT INTO lists.Country VALUES ('MG','Madagascar','MDG','450','014');
INSERT INTO lists.Country VALUES ('MH','Marshall Islands','MHL','584','057');
INSERT INTO lists.Country VALUES ('MK','Macedonia (the former Yugoslav Republic of)','MKD','807','039');
INSERT INTO lists.Country VALUES ('ML','Mali','MLI','466','011');
INSERT INTO lists.Country VALUES ('MM','Myanmar','MMR','104','035');
INSERT INTO lists.Country VALUES ('MN','Mongolia','MNG','496','030');
INSERT INTO lists.Country VALUES ('MO','Macao','MAC','446','030');
INSERT INTO lists.Country VALUES ('MP','Northern Mariana Islands','MNP','580','057');
INSERT INTO lists.Country VALUES ('MQ','Martinique','MTQ','474','029');
INSERT INTO lists.Country VALUES ('MR','Mauritania','MRT','478','011');
INSERT INTO lists.Country VALUES ('MS','Montserrat','MSR','500','029');
INSERT INTO lists.Country VALUES ('MT','Malta','MLT','470','039');
INSERT INTO lists.Country VALUES ('MU','Mauritius','MUS','480','014');
INSERT INTO lists.Country VALUES ('MV','Maldives','MDV','462','034');
INSERT INTO lists.Country VALUES ('MW','Malawi','MWI','454','014');
INSERT INTO lists.Country VALUES ('MX','Mexico','MEX','484','013');
INSERT INTO lists.Country VALUES ('MY','Malaysia','MYS','458','035');
INSERT INTO lists.Country VALUES ('MZ','Mozambique','MOZ','508','014');
INSERT INTO lists.Country VALUES ('NA','Namibia','NAM','516','018');
INSERT INTO lists.Country VALUES ('NC','New Caledonia','NCL','540','054');
INSERT INTO lists.Country VALUES ('NE','Niger','NER','562','011');
INSERT INTO lists.Country VALUES ('NF','Norfolk Island','NFK','574','053');
INSERT INTO lists.Country VALUES ('NG','Nigeria','NGA','566','011');
INSERT INTO lists.Country VALUES ('NI','Nicaragua','NIC','558','013');
INSERT INTO lists.Country VALUES ('NL','Netherlands','NLD','528','155');
INSERT INTO lists.Country VALUES ('NO','Norway','NOR','578','154');
INSERT INTO lists.Country VALUES ('NP','Nepal','NPL','524','034');
INSERT INTO lists.Country VALUES ('NR','Nauru','NRU','520','057');
INSERT INTO lists.Country VALUES ('NU','Niue','NIU','570','061');
INSERT INTO lists.Country VALUES ('NZ','New Zealand','NZL','554','053');
INSERT INTO lists.Country VALUES ('OM','Oman','OMN','512','145');
INSERT INTO lists.Country VALUES ('PA','Panama','PAN','591','013');
INSERT INTO lists.Country VALUES ('PE','Peru','PER','604','005');
INSERT INTO lists.Country VALUES ('PF','French Polynesia','PYF','258','061');
INSERT INTO lists.Country VALUES ('PG','Papua New Guinea','PNG','598','054');
INSERT INTO lists.Country VALUES ('PH','Philippines','PHL','608','035');
INSERT INTO lists.Country VALUES ('PK','Pakistan','PAK','586','034');
INSERT INTO lists.Country VALUES ('PL','Poland','POL','616','151');
INSERT INTO lists.Country VALUES ('PM','Saint Pierre and Miquelon','SPM','666','021');
INSERT INTO lists.Country VALUES ('PN','Pitcairn','PCN','612','061');
INSERT INTO lists.Country VALUES ('PR','Puerto Rico','PRI','630','029');
INSERT INTO lists.Country VALUES ('PS','Palestine, State of','PSE','275','145');
INSERT INTO lists.Country VALUES ('PT','Portugal','PRT','620','039');
INSERT INTO lists.Country VALUES ('PW','Palau','PLW','585','057');
INSERT INTO lists.Country VALUES ('PY','Paraguay','PRY','600','005');
INSERT INTO lists.Country VALUES ('QA','Qatar','QAT','634','145');
INSERT INTO lists.Country VALUES ('RE','Réunion','REU','638','014');
INSERT INTO lists.Country VALUES ('RO','Romania','ROU','642','151');
INSERT INTO lists.Country VALUES ('RS','Serbia','SRB','688','039');
INSERT INTO lists.Country VALUES ('RU','Russian Federation','RUS','643','151');
INSERT INTO lists.Country VALUES ('RW','Rwanda','RWA','646','014');
INSERT INTO lists.Country VALUES ('SA','Saudi Arabia','SAU','682','145');
INSERT INTO lists.Country VALUES ('SB','Solomon Islands','SLB','090','054');
INSERT INTO lists.Country VALUES ('SC','Seychelles','SYC','690','014');
INSERT INTO lists.Country VALUES ('SD','Sudan','SDN','729','015');
INSERT INTO lists.Country VALUES ('SE','Sweden','SWE','752','154');
INSERT INTO lists.Country VALUES ('SG','Singapore','SGP','702','035');
INSERT INTO lists.Country VALUES ('SH','Saint Helena, Ascension and Tristan da Cunha','SHN','654','011');
INSERT INTO lists.Country VALUES ('SI','Slovenia','SVN','705','039');
INSERT INTO lists.Country VALUES ('SJ','Svalbard and Jan Mayen','SJM','744','154');
INSERT INTO lists.Country VALUES ('SK','Slovakia','SVK','703','151');
INSERT INTO lists.Country VALUES ('SL','Sierra Leone','SLE','694','011');
INSERT INTO lists.Country VALUES ('SM','San Marino','SMR','674','039');
INSERT INTO lists.Country VALUES ('SN','Senegal','SEN','686','011');
INSERT INTO lists.Country VALUES ('SO','Somalia','SOM','706','014');
INSERT INTO lists.Country VALUES ('SR','Suriname','SUR','740','005');
INSERT INTO lists.Country VALUES ('SS','South Sudan','SSD','728','014');
INSERT INTO lists.Country VALUES ('ST','Sao Tome and Principe','STP','678','017');
INSERT INTO lists.Country VALUES ('SV','El Salvador','SLV','222','013');
INSERT INTO lists.Country VALUES ('SX','Sint Maarten (Dutch part)','SXM','534','029');
INSERT INTO lists.Country VALUES ('SY','Syrian Arab Republic','SYR','760','145');
INSERT INTO lists.Country VALUES ('SZ','Swaziland','SWZ','748','018');
INSERT INTO lists.Country VALUES ('TC','Turks and Caicos Islands','TCA','796','029');
INSERT INTO lists.Country VALUES ('TD','Chad','TCD','148','017');
INSERT INTO lists.Country VALUES ('TF','French Southern Territories','ATF','260','000');
INSERT INTO lists.Country VALUES ('TG','Togo','TGO','768','011');
INSERT INTO lists.Country VALUES ('TH','Thailand','THA','764','035');
INSERT INTO lists.Country VALUES ('TJ','Tajikistan','TJK','762','143');
INSERT INTO lists.Country VALUES ('TK','Tokelau','TKL','772','061');
INSERT INTO lists.Country VALUES ('TL','Timor-Leste','TLS','626','035');
INSERT INTO lists.Country VALUES ('TM','Turkmenistan','TKM','795','143');
INSERT INTO lists.Country VALUES ('TN','Tunisia','TUN','788','015');
INSERT INTO lists.Country VALUES ('TO','Tonga','TON','776','061');
INSERT INTO lists.Country VALUES ('TR','Turkey','TUR','792','145');
INSERT INTO lists.Country VALUES ('TT','Trinidad and Tobago','TTO','780','029');
INSERT INTO lists.Country VALUES ('TV','Tuvalu','TUV','798','061');
INSERT INTO lists.Country VALUES ('TW','Taiwan, Province of China','TWN','158','030');
INSERT INTO lists.Country VALUES ('TZ','Tanzania, United Republic of','TZA','834','014');
INSERT INTO lists.Country VALUES ('UA','Ukraine','UKR','804','151');
INSERT INTO lists.Country VALUES ('UG','Uganda','UGA','800','014');
INSERT INTO lists.Country VALUES ('UM','United States Minor Outlying Islands','UMI','581','000');
INSERT INTO lists.Country VALUES ('US','United States of America','USA','840','021');
INSERT INTO lists.Country VALUES ('UY','Uruguay','URY','858','005');
INSERT INTO lists.Country VALUES ('UZ','Uzbekistan','UZB','860','143');
INSERT INTO lists.Country VALUES ('VA','Holy See','VAT','336','039');
INSERT INTO lists.Country VALUES ('VC','Saint Vincent and the Grenadines','VCT','670','029');
INSERT INTO lists.Country VALUES ('VE','Venezuela (Bolivarian Republic of)','VEN','862','005');
INSERT INTO lists.Country VALUES ('VG','Virgin Islands (British)','VGB','092','029');
INSERT INTO lists.Country VALUES ('VI','Virgin Islands (U.S.)','VIR','850','029');
INSERT INTO lists.Country VALUES ('VN','Viet Nam','VNM','704','035');
INSERT INTO lists.Country VALUES ('VU','Vanuatu','VUT','548','054');
INSERT INTO lists.Country VALUES ('WF','Wallis and Futuna','WLF','876','061');
INSERT INTO lists.Country VALUES ('WS','Samoa','WSM','882','061');
INSERT INTO lists.Country VALUES ('YE','Yemen','YEM','887','145');
INSERT INTO lists.Country VALUES ('YT','Mayotte','MYT','175','014');
INSERT INTO lists.Country VALUES ('ZA','South Africa','ZAF','710','018');
INSERT INTO lists.Country VALUES ('ZM','Zambia','ZMB','894','014');
INSERT INTO lists.Country VALUES ('ZW','Zimbabwe','ZWE','716','014');